{
  "sprite": {
    "click": [0, 159.90929705215422],
    "error": [2000, 309.34240362811806],
    "haHa": [4000, 948.9342403628118],
    "hmm": [6000, 1494.6031746031742],
    "pop": [9000, 80.40816326530553]
  }
}
